Doba;Godzina;Prognozowane zapotrzebowanie sieci;Wymagana rezerwa mocy OSP;Nadwy¿ka mocy dostêpna dla OSP (7) + (9) - [(3) - (12)] - (13);Moc dyspozycyjna JW i magazynów energii œwiadcz¹cych us³ugi bilansuj¹ce w ramach RB;Moc dyspozycyjna JW i magazynów energii œwiadcz¹cych us³ugi bilansuj¹ce w ramach RB dostêpna dla OSP;Przewidywana generacja JW i magazynów energii œwiadcz¹cych us³ugi bilansuj¹ce w ramach RB (3) - (9) - (12);Prognozowana generacja JW i magazynów energii nie œwiadcz¹cych us³ug bilansuj¹cych w ramach RB;Prognozowana sumaryczna generacja Ÿróde³ wiatrowych;Prognozowana sumaryczna generacja Ÿróde³ fotowoltaicznych;Planowane saldo wymiany miêdzysystemowej;Prognozowana wielkoœæ niedyspozycyjnoœci wynikaj¹ca z ograniczeñ sieciowych wystêpuj¹cych w sieci przesy³owej oraz sieci dystrybucyjnej w zakresie dostarczania energii elektrycznej;Przewidywana generacja zasobów wytwórczych nieobjêtych obowi¹zkami mocowymi;Obowi¹zki mocowe wszystkich jednostek rynku mocy
2023-03-01;01;16752;1662;4889;18490;15 803;10914;5602;1489;0;236;0;13439;0
2023-03-01;02;16532;1655;4981;18485;15 798;10818;5592;1478;0;123;0;13330;0
2023-03-01;03;16346;1637;5224;18485;15 798;10574;5598;1480;0;174;0;13126;0
2023-03-01;04;16408;1635;5187;18401;15 714;10528;5580;1453;0;300;0;13112;0
2023-03-01;05;16813;1655;5002;18401;15 714;10713;5531;1382;0;570;0;13232;0
2023-03-01;06;17744;1708;4649;18571;15 884;11236;5469;1320;0;1039;0;13873;0
2023-03-01;07;19740;1983;2792;19539;16 852;14060;5372;1123;115;308;0;16841;0
2023-03-01;08;20730;2120;2664;19911;17 224;14560;5888;992;1363;282;0;3772;23614
2023-03-01;09;20425;2210;2874;19602;16 915;14041;6471;739;3300;-88;0;4310;23614
2023-03-01;10;19405;2133;4188;19270;16 583;12395;6647;349;4953;363;0;4513;23614
2023-03-01;11;17996;2065;5672;19257;16 570;10898;6934;205;5878;164;0;4781;23614
2023-03-01;12;17632;2083;5829;19250;16 563;10734;7086;197;6322;-189;0;4955;23614
2023-03-01;13;17612;2031;6307;19265;16 578;10271;7014;192;6174;327;0;4887;23614
2023-03-01;14;17823;1986;6183;19265;16 578;10395;6763;172;5662;665;0;4641;23614
2023-03-01;15;18003;1925;5969;19265;16 578;10609;6306;188;4573;1088;0;4189;23614
2023-03-01;16;18743;1907;4802;19309;16 622;11820;5680;167;3020;1243;0;3517;23614
2023-03-01;17;20061;1953;3046;19541;16 854;13808;4959;163;1216;1294;0;2803;23614
2023-03-01;18;21774;2033;2208;20425;17 738;15530;4585;203;71;1660;0;2549;23614
2023-03-01;19;22352;2041;2224;20684;17 997;15773;4680;296;0;1899;0;2570;23614
2023-03-01;20;22033;2059;2424;20795;18 108;15684;4926;551;0;1423;0;2823;23614
2023-03-01;21;21429;1965;3355;20681;17 994;14639;5065;713;0;1726;0;2939;23614
2023-03-01;22;20142;1855;4331;20727;18 040;13710;5032;701;0;1400;0;2815;23614
2023-03-01;23;18767;1782;4545;20329;17 636;13091;4693;502;0;983;0;14772;0
2023-03-01;24;17483;1630;5742;19869;17 392;11650;4549;351;0;1284;0;13206;0
2023-03-02;01;16628;1532;5158;17993;15 726;10568;4433;226;0;1627;0;12057;0
2023-03-02;02;16447;1534;5192;17946;15 679;10487;4491;261;0;1469;0;11897;0
2023-03-02;03;16453;1553;4804;17908;15 641;10837;4492;263;0;1125;0;11914;0
2023-03-02;04;16371;1550;5004;17908;15 641;10637;4483;254;0;1250;0;11854;0
2023-03-02;05;16834;1560;5325;18241;15 974;10649;4468;234;0;1717;0;11984;0
2023-03-02;06;17615;1664;4322;18317;16 050;11728;4431;200;0;1456;0;13172;0
2023-03-02;07;19502;1819;3513;18908;16 641;13127;4481;196;80;1894;0;15035;0
2023-03-02;08;20617;2003;2586;20032;17 408;14420;4872;135;936;1325;401;2383;23614
2023-03-02;09;20691;2153;2054;20265;17 578;15132;5337;94;2156;222;392;2905;23614
2023-03-02;10;19772;2094;2361;19018;16 331;13607;5795;85;3308;370;363;3321;23614
2023-03-02;11;18746;2113;2338;18285;15 598;12897;6127;63;4266;-278;363;3677;23614
2023-03-02;12;19019;2109;2658;18172;15 485;12464;6310;76;4716;245;363;3861;23614
2023-03-02;13;19040;2123;3177;18254;16 198;12697;6281;105;4652;62;324;3863;23614
2023-03-02;14;19131;2081;3305;18202;16 150;12561;6195;108;4411;375;285;3763;23614
2023-03-02;15;19184;1958;3940;18154;16 102;11877;5837;121;3565;1470;285;3400;23614
2023-03-02;16;19593;1954;2957;18150;16 098;12946;5379;147;2359;1268;195;2913;23614
2023-03-02;17;20512;1918;2301;18177;16 125;13629;4842;178;992;2042;195;2439;23614
2023-03-02;18;21944;2004;2144;19591;17 539;15199;4574;280;64;2171;195;2198;23614
2023-03-02;19;22219;2057;1799;19809;17 757;15763;4717;410;0;1739;196;2309;23614
2023-03-02;20;22276;2037;1997;19809;17 757;15565;4748;423;0;1962;196;2330;23614
2023-03-02;21;21703;1976;2566;19771;17 719;14957;4726;426;0;2020;196;2330;23614
2023-03-02;22;20312;1824;3800;19670;17 409;13609;4689;432;0;2015;0;2244;23614
2023-03-02;23;18801;1720;5109;19778;17 517;12408;4729;524;0;1665;0;14226;0
2023-03-02;24;17587;1602;6043;19415;17 154;11112;4787;640;0;1689;0;13004;0
2023-03-03;01;16661;1647;4206;18253;15 568;11362;4978;798;0;321;0;13210;0
2023-03-03;02;16484;1665;4247;18417;15 732;11485;5003;826;0;-4;0;13231;0
2023-03-03;03;16390;1681;4152;18421;15 736;11584;5081;902;0;-275;0;13118;0
2023-03-03;04;16496;1707;4136;18401;15 716;11580;5303;1118;0;-388;0;13545;0
2023-03-03;05;16949;1719;4103;18401;15 716;11613;5351;1181;0;-15;0;13677;0
2023-03-03;06;17884;1739;3990;18401;15 716;11726;5323;1134;0;835;0;13880;0
2023-03-03;07;19422;1892;2897;18825;16 140;13243;5298;1101;82;881;0;16011;0
2023-03-03;08;20859;2131;2134;20416;17 731;15288;5570;1042;698;0;308;3023;23614
2023-03-03;09;21516;2206;1645;20318;17 633;15679;5837;1088;1295;0;308;3313;23614
2023-03-03;10;21496;2139;2247;20245;17 560;15005;5864;1113;1371;627;308;3355;23614
2023-03-03;11;20624;2111;2531;19133;16 448;13609;6364;1194;2376;652;308;3851;23614
2023-03-03;12;21201;2151;2387;19514;17 043;14166;6506;1561;1982;530;491;4054;23614
2023-03-03;13;20989;2153;3188;19190;16 719;13041;7440;2264;2470;509;491;4967;23614
2023-03-03;14;21095;2125;3269;18755;16 284;12525;7883;2792;2297;687;490;5368;23614
2023-03-03;15;20842;2036;3589;17616;15 145;11444;8132;3120;1921;1266;112;5544;23614
2023-03-03;16;20932;1984;3539;17568;15 097;11446;7930;3178;1214;1556;112;5306;23614
2023-03-03;17;21491;2005;3465;18078;15 607;12142;7922;3599;306;1427;0;5324;23614
2023-03-03;18;22079;2062;4174;18771;16 300;12126;8601;4279;20;1352;0;5908;23614
2023-03-03;19;22689;2196;3796;19465;16 994;13198;9129;4763;0;363;0;6399;23614
2023-03-03;20;22670;2154;4221;19304;16 833;12612;9364;4983;0;694;0;6627;23614
2023-03-03;21;22009;2077;4524;19403;15 973;11448;9817;5527;0;744;0;7152;23614
2023-03-03;22;20089;1919;5571;19017;15 362;9792;10080;5913;0;217;0;7504;23614
2023-03-03;23;18425;1809;5084;18557;13 168;8084;10340;6189;0;1;0;15449;0
2023-03-03;24;17784;1738;5080;18680;12 395;7315;10598;6483;0;-129;0;14488;0
2023-03-04;01;17331;1705;5008;17713;11 596;6588;10814;6695;0;-71;0;13627;0
2023-03-04;02;16943;1698;5048;17646;11 530;6482;10745;6671;0;-284;0;13363;0
2023-03-04;03;16555;1667;5267;17645;11 529;6262;10584;6474;0;-291;0;13210;0
2023-03-04;04;16393;1658;4975;17662;11 545;6571;10111;6043;0;-289;0;12920;0
2023-03-04;05;16122;1636;4891;17689;11 572;6682;9704;5602;0;-264;0;13043;0
2023-03-04;06;15920;1601;4991;17708;11 591;6600;9405;5348;0;-85;0;12810;0
2023-03-04;07;15709;1626;5113;17719;11 602;6489;9602;5481;65;-382;0;13829;0
2023-03-04;08;16435;1720;4624;17711;11 819;6768;10020;5602;622;-353;427;14559;0
2023-03-04;09;17516;1844;4668;18298;12 994;7899;10068;5551;861;-451;427;15317;0
2023-03-04;10;18349;1912;4173;18349;13 045;8445;10137;5473;1279;-234;427;15754;0
2023-03-04;11;18505;1912;4427;17757;12 454;7600;10906;6139;1487;-1;427;16105;0
2023-03-04;12;18801;1940;4444;17769;12 465;7594;11259;6539;1519;-52;427;16608;0
2023-03-04;13;18506;1948;5762;17499;13 075;6887;11858;6924;2096;-239;427;16505;0
2023-03-04;14;18380;1934;5866;17443;13 019;6727;11889;6923;2235;-236;427;16265;0
2023-03-04;15;18181;1908;5970;17361;12 937;6541;11887;6959;2037;-247;427;16033;0
2023-03-04;16;18019;1850;6061;17701;13 277;6789;11312;6621;1411;-82;427;15575;0
2023-03-04;17;18311;1842;4991;17568;13 156;7963;10374;5999;644;-27;202;15840;0
2023-03-04;18;19218;1965;2766;18151;13 739;10772;8965;4735;48;-519;202;16666;0
2023-03-04;19;19887;2064;939;18544;14 132;12992;7903;3618;0;-1008;202;17524;0
2023-03-04;20;19308;1942;2418;19034;14 622;12002;7492;3206;0;-186;202;16553;0
2023-03-04;21;18688;1810;3861;19400;14 988;10925;7203;2964;0;560;202;15359;0
2023-03-04;22;17535;1715;5121;19473;15 061;9940;7269;3070;0;326;0;14492;0
2023-03-04;23;16462;1627;5844;19383;14 971;9127;7100;2905;0;236;0;13389;0
2023-03-04;24;15403;1510;6811;19344;14 932;8121;6873;2763;0;409;0;12261;0
2023-03-05;01;14559;1463;5587;17947;13 314;7726;6811;2631;0;23;0;11769;0
2023-03-05;02;14017;1413;6163;17902;13 269;7106;6872;2718;0;38;0;11719;0
2023-03-05;03;13654;1413;6036;17768;13 135;7098;6876;2722;0;-320;0;11555;0
2023-03-05;04;13480;1420;5921;17767;13 134;7213;6801;2646;0;-534;0;11470;0
2023-03-05;05;13498;1406;6086;17767;13 134;7048;6796;2640;0;-346;0;11465;0
2023-03-05;06;13585;1408;6249;17767;13 134;6885;7019;2862;0;-319;0;11686;0
2023-03-05;07;13521;1423;6512;17756;13 123;6610;7319;3039;152;-408;0;11955;0
2023-03-05;08;14079;1548;5622;17722;13 447;6963;7803;3129;1078;-687;861;12518;0
2023-03-05;09;14851;1692;5018;17722;13 447;7568;8070;3071;1952;-787;861;12883;0
2023-03-05;10;15771;1788;4275;17775;13 500;8363;8152;2928;2465;-745;861;13352;0
2023-03-05;11;16248;1868;4189;17726;13 799;8752;8566;3265;2647;-1069;859;14298;0
2023-03-05;12;16564;1903;3990;17713;13 786;8937;8861;3573;2612;-1233;859;14423;0
2023-03-05;13;16895;1925;3339;17620;13 693;9495;8544;3288;2525;-1145;859;14289;0
2023-03-05;14;17413;1913;2606;17380;13 986;10521;7771;2712;2061;-879;859;14280;0
2023-03-05;15;17313;1839;2547;17261;13 867;10300;7483;2614;1608;-471;1020;13931;0
2023-03-05;16;16677;1766;2539;17302;13 908;10349;6915;2252;1061;-587;1020;13827;0
2023-03-05;17;16510;1732;2897;17419;14 077;10760;6235;1763;582;-486;420;14072;0
2023-03-05;18;17167;1766;3080;18084;15 182;11682;5858;1532;41;-373;420;14749;0
2023-03-05;19;18257;1918;2925;18684;16 421;13076;6172;1768;0;-992;420;16274;0
2023-03-05;20;18424;1929;3332;18686;17 118;13366;6083;1715;0;-1025;420;16403;0
2023-03-05;21;17989;1887;4060;18606;17 576;13096;5999;1689;0;-1106;420;16028;0
2023-03-05;22;17134;1784;4864;17820;16 850;11986;6029;1719;0;-881;0;14931;0
2023-03-05;23;16254;1726;5525;17314;16 905;11380;5982;1746;0;-1108;0;14348;0
2023-03-05;24;15441;1675;6053;17295;16 937;10884;5970;1742;0;-1413;0;13832;0
2023-03-06;01;15554;1684;6873;18131;17 800;10927;5917;1731;0;-1289;0;3738;0
2023-03-06;02;15683;1666;7102;18136;17 865;10763;5899;1719;0;-980;0;3715;0
2023-03-06;03;15517;1661;7181;18136;17 958;10777;5825;1653;0;-1085;0;3646;0
2023-03-06;04;15618;1666;7218;18136;18 122;10904;5725;1553;0;-1011;0;3552;0
2023-03-06;05;15982;1698;6873;18136;18 136;11263;5663;1490;0;-944;0;3508;0
2023-03-06;06;16023;1671;7205;18136;18 136;10932;5624;1442;0;-533;0;3447;0
2023-03-06;07;18520;1815;6277;18568;18 568;12291;5648;1351;135;581;0;3490;0
2023-03-06;08;20210;2071;4667;18919;18 919;14253;5951;1241;1034;6;0;3836;23614
2023-03-06;09;20755;2176;4706;19463;19 463;14339;6417;1166;2164;0;418;4218;23614
2023-03-06;10;20587;2196;4706;19103;19 103;13978;6609;1162;2954;0;418;4534;23614
2023-03-06;11;19936;2169;4732;18261;18 261;13111;6937;1279;3493;-112;418;4893;23614
2023-03-06;12;19967;2108;5820;18350;18 350;12112;7176;1456;3669;679;418;5094;23614
2023-03-06;13;20309;2048;5945;18182;18 182;11818;7059;1575;3141;1432;418;4964;23614
2023-03-06;14;20755;2010;5682;18082;18 082;11982;6830;1640;2454;1944;418;4735;23614
2023-03-06;15;20789;1982;5400;18099;18 099;12281;6571;1678;1774;1936;418;4489;23614
2023-03-06;16;20974;1972;5185;18401;18 401;12798;6297;1665;1090;1879;418;4215;23614
2023-03-06;17;21193;1953;5426;18520;18 520;13094;6122;1658;488;1977;0;3987;23614
2023-03-06;18;21889;2005;4555;18543;18 543;13988;6008;1639;39;1893;0;3838;23614
2023-03-06;19;22572;2162;4531;20174;20 174;15643;6067;1688;0;861;0;3883;23614
2023-03-06;20;22554;2128;4706;19890;19 890;15184;6157;1757;0;1213;0;3954;23614
2023-03-06;21;21933;2005;4775;18535;18 535;13760;6251;1878;0;1922;0;4066;23614
2023-03-06;22;20533;1868;6277;18596;18 596;12318;6278;2062;0;1937;0;4147;23614
2023-03-06;23;19781;1834;6873;18831;18 831;11958;6376;2172;0;1447;0;4235;0
2023-03-06;24;19176;1709;8196;18831;18 831;10635;6355;2165;0;2187;0;4156;0
2023-03-07;01;16563;2319;8957;19389;19 389;10432;6131;2026;0;0;0;3972;0
2023-03-07;02;15985;2238;9339;19389;19 389;10050;5935;1845;0;0;0;3755;0
2023-03-07;03;15796;2211;9402;19389;19 389;9987;5809;1709;0;0;0;3617;0
2023-03-07;04;15838;2217;9310;19389;19 389;10079;5758;1658;0;0;0;3571;0
2023-03-07;05;16200;2268;9008;19389;19 389;10381;5819;1718;0;0;0;3646;0
2023-03-07;06;17092;2393;8447;19571;19 571;11124;5968;1867;0;0;0;3824;0
2023-03-07;07;19092;2673;8003;20805;20 805;12803;6290;2121;135;0;0;4164;0
2023-03-07;08;20558;2878;7612;21028;21 028;13416;7142;2521;959;0;0;4964;23614
2023-03-07;09;20906;2927;8062;20911;20 911;12849;8057;3018;1985;0;0;5870;23614
2023-03-07;10;20744;2904;8376;20121;20 121;11745;8999;3727;2703;0;0;6843;23614
2023-03-07;11;20076;2811;9406;19394;19 394;9989;10088;4680;3074;0;0;7898;23614
2023-03-07;12;20964;2935;9406;19394;19 394;9989;10975;5586;3081;0;0;8800;23614
2023-03-07;13;21448;3003;9406;19394;19 394;9989;11460;6241;2700;0;0;9285;23614
2023-03-07;14;21620;3027;9406;19394;19 394;9989;11631;6637;2187;0;0;9457;23614
2023-03-07;15;21591;3023;9406;19394;19 394;9989;11603;6844;1630;0;0;9419;23614
2023-03-07;16;21485;3008;9406;19394;19 394;9989;11496;6952;1051;0;0;9286;23614
2023-03-07;17;21283;2980;9406;19394;19 394;9989;11294;6959;465;0;0;9058;23614
2023-03-07;18;21655;3032;8809;19394;19 394;10585;11069;6815;39;0;0;8782;23614
2023-03-07;19;22582;3161;8478;20061;20 061;11583;10998;6718;0;0;0;8703;23614
2023-03-07;20;22587;3162;8128;19657;19 657;11529;11058;6761;0;0;0;8773;23614
2023-03-07;21;21979;3077;8346;19391;19 391;11044;10935;6729;0;0;0;8717;23614
2023-03-07;22;20667;2893;9406;19389;19 389;9983;10684;6513;0;0;0;8428;23614
2023-03-07;23;20333;2847;9427;19389;19 389;9963;10370;6282;0;0;0;8176;0
2023-03-07;24;19046;2666;10471;19389;19 389;8918;10127;6061;0;0;0;7893;0
2023-03-08;01;17986;2518;11568;19605;19 605;8038;9948;5879;0;0;0;7673;0
2023-03-08;02;17459;2444;11881;19605;19 605;7724;9735;5672;0;0;0;7448;0
2023-03-08;03;17267;2417;11856;19605;19 605;7749;9518;5452;0;0;0;7233;0
2023-03-08;04;17308;2423;11625;19605;19 605;7980;9328;5250;0;0;0;7049;0
2023-03-08;05;17687;2476;11092;19605;19 605;8513;9174;5097;0;0;0;6922;0
2023-03-08;06;18366;2571;10329;19605;19 605;9277;9090;5012;0;0;0;6875;0
2023-03-08;07;19278;2699;9411;19605;19 605;10194;9084;4950;78;0;0;6901;0
2023-03-08;08;20822;2915;8136;19605;19 605;11469;9353;4908;558;0;0;7156;23614
2023-03-08;09;21363;2991;7897;19569;19 569;11672;9691;4966;1252;0;0;7517;23614
2023-03-08;10;21170;2964;8530;19610;19 610;11081;10089;5095;2023;0;0;7924;23614
2023-03-08;11;20338;2847;9786;19610;19 610;9825;10513;5247;2680;0;0;8297;23614
2023-03-08;12;20446;2862;9955;19610;19 610;9656;10790;5399;3057;0;0;8591;23614
2023-03-08;13;20617;2886;9899;19610;19 610;9712;10906;5488;3115;0;0;8708;23614
2023-03-08;14;20450;2863;9862;19610;19 610;9749;10702;5403;2873;0;0;8513;23614
2023-03-08;15;20294;2841;9487;19610;19 610;10123;10170;5076;2364;0;0;7986;23614
2023-03-08;16;20496;2869;8520;19610;19 610;11091;9405;4558;1659;0;0;7230;23614
2023-03-08;17;20978;2937;6986;19610;19 610;12625;8354;3867;702;0;0;6223;23614
2023-03-08;18;21768;3047;6741;20964;20 964;14223;7545;3229;64;0;0;5344;23614
2023-03-08;19;22698;3178;5629;21187;21 187;15558;7139;2827;0;0;0;4980;23614
2023-03-08;20;22720;3181;5443;21250;21 250;15806;6914;2583;0;0;0;4755;23614
2023-03-08;21;22111;3096;5577;21023;21 023;15445;6666;2427;0;0;0;4579;23614
2023-03-08;22;20647;2891;5818;19906;19 906;14088;6558;2352;0;0;0;4473;23614
2023-03-08;23;19171;2684;7093;19812;19 812;12719;6452;2340;0;0;0;4372;0
2023-03-08;24;17922;2509;8099;19610;19 610;11511;6411;2320;0;0;0;4292;0
2023-03-09;01;18199;2548;7840;19610;19 610;11770;6429;2307;0;0;0;4327;0
2023-03-09;02;17664;2473;8386;19610;19 610;11224;6439;2323;0;0;0;4313;0
2023-03-09;03;17504;2451;8551;19610;19 610;11060;6445;2328;0;0;0;4310;0
2023-03-09;04;17515;2452;8523;19610;19 610;11088;6427;2309;0;0;0;4293;0
2023-03-09;05;17894;2505;8135;19610;19 610;11475;6419;2302;0;0;0;4305;0
2023-03-09;06;18516;2592;7529;19610;19 610;12081;6435;2317;0;0;0;4351;0
2023-03-09;07;19327;2706;6787;19610;19 610;12824;6504;2292;165;0;0;4443;0
2023-03-09;08;20707;2899;5642;19610;19 610;13901;6807;2208;887;0;68;4739;23614
2023-03-09;09;21124;2957;5576;19610;19 610;13967;7157;2182;1803;0;68;5107;23614
2023-03-09;10;20860;2920;6258;19610;19 610;13285;7575;2267;2734;0;68;5532;23614
2023-03-09;11;20445;2862;6985;19610;19 610;12558;7887;2384;3214;0;68;5820;23614
2023-03-09;12;20534;2875;6985;19610;19 610;12558;7976;2502;3224;0;68;5930;23614
2023-03-09;13;20460;2864;6985;19610;19 610;12558;7902;2560;2928;0;68;5856;23614
2023-03-09;14;20770;2908;6335;19610;19 610;13208;7562;2427;2460;0;68;5549;23614
2023-03-09;15;20693;2897;5860;19610;19 610;13682;7010;2100;1860;0;68;4996;23614
2023-03-09;16;20875;2923;5146;19610;19 610;14464;6411;1744;1191;0;0;4403;23614
2023-03-09;17;21227;2972;4242;19610;19 610;15369;5858;1448;468;0;0;3863;23614
2023-03-09;18;21917;3068;4632;20964;20 964;16332;5585;1276;37;0;0;3500;23614
2023-03-09;19;22860;3200;3891;21222;21 222;17331;5529;1216;0;0;0;3469;23614
2023-03-09;20;22883;3204;3850;21250;21 250;17400;5483;1153;0;0;0;3416;23614
2023-03-09;21;22275;3118;4123;21017;21 017;16894;5380;1141;0;0;0;3378;23614
2023-03-09;22;20809;2913;4636;20107;20 107;15471;5338;1176;0;0;0;3350;23614
2023-03-09;23;19334;2707;5643;19610;19 610;13967;5367;1247;0;0;0;3367;0
2023-03-09;24;18085;2532;6985;19610;19 610;12625;5460;1342;0;0;0;3395;0
2023-03-10;01;17698;2478;7475;19610;19 610;12136;5562;1449;0;0;0;3480;0
2023-03-10;02;17781;2489;7475;19610;19 610;12135;5646;1538;0;0;0;3567;0
2023-03-10;03;17567;2459;7750;19610;19 610;11860;5707;1600;0;0;0;3614;0
2023-03-10;04;17609;2465;7762;19610;19 610;11849;5760;1651;0;0;0;3666;0
2023-03-10;05;17944;2512;7475;19610;19 610;12136;5809;1700;0;0;0;3729;0
2023-03-10;06;17562;2459;7912;19610;19 610;11698;5864;1756;0;0;0;3763;0
2023-03-10;07;19348;2709;6209;19610;19 610;13401;5947;1797;91;0;0;3931;0
2023-03-10;08;20902;2926;5684;20204;20 204;14520;6383;1840;758;0;0;4316;23614
2023-03-10;09;21227;2972;5477;19822;19 822;14346;6881;1899;1828;0;0;4842;23614
2023-03-10;10;20653;2891;6390;19610;19 610;13220;7433;1993;3044;0;0;5390;23614
2023-03-10;11;20091;2813;7295;19610;19 610;12315;7775;2085;3649;0;0;5699;23614
2023-03-10;12;20188;2826;7244;19610;19 610;12366;7822;2183;3609;0;0;5769;23614
2023-03-10;13;20364;2851;6997;19610;19 610;12614;7750;2287;3210;0;0;5710;23614
2023-03-10;14;20675;2895;6479;19610;19 610;13131;7544;2278;2787;0;0;5536;23614
2023-03-10;15;20610;2885;6275;19610;19 610;13335;7275;2200;2312;0;0;5264;23614
2023-03-10;16;20786;2910;5823;19622;19 622;13798;6987;2130;1656;0;0;4955;23614
2023-03-10;17;21144;2960;5684;20131;20 131;14446;6698;2196;710;0;0;4640;23614
2023-03-10;18;21645;3030;5684;20649;20 649;14964;6681;2364;68;0;0;4547;23614
2023-03-10;19;22601;3164;5529;21250;21 250;15720;6880;2562;0;0;0;4736;23614
2023-03-10;20;22682;3175;5645;21173;21 173;15528;7154;2818;0;0;0;4996;23614
2023-03-10;21;22149;3101;5684;20485;20 485;14801;7349;3105;0;0;0;5267;23614
2023-03-10;22;20683;2896;6535;19610;19 610;13075;7608;3404;0;0;0;5503;23614
2023-03-10;23;20019;2803;7475;19610;19 610;12136;7883;3770;0;0;0;5797;0
2023-03-10;24;19353;2709;8533;19610;19 610;11078;8276;4184;0;0;0;6149;0
2023-03-11;01;16578;2321;11841;19736;19 736;7895;8682;4618;0;0;0;6429;0
2023-03-11;02;15966;2235;12809;19736;19 736;6927;9039;4980;0;0;0;6740;0
2023-03-11;03;16347;2289;12726;19736;19 736;7010;9336;5279;0;0;0;7042;0
2023-03-11;04;16644;2330;12726;19736;19 736;7010;9633;5574;0;0;0;7338;0
2023-03-11;05;16772;2348;12839;19736;19 736;6897;9875;5816;0;0;0;7574;0
2023-03-11;06;16868;2362;12958;19736;19 736;6778;10090;6032;0;0;0;7784;0
2023-03-11;07;17174;2404;12925;19736;19 736;6811;10363;6229;170;0;0;8056;0
2023-03-11;08;17696;2477;12726;19736;19 736;7010;10686;6240;736;0;0;8331;0
2023-03-11;09;17785;2490;12809;19736;19 736;6927;10858;6126;1261;0;0;8444;0
2023-03-11;10;17988;2518;12553;19736;19 736;7183;10805;5995;1764;0;0;8505;0
2023-03-11;11;18025;2523;12410;19736;19 736;7326;10699;5756;2102;0;0;8417;0
2023-03-11;12;18087;2532;12071;19736;19 736;7665;10423;5462;2218;0;0;8179;0
2023-03-11;13;17869;2502;11994;19736;19 736;7742;10127;5174;2204;0;0;7887;0
2023-03-11;14;17620;2467;12030;19736;19 736;7706;9914;5041;2045;0;0;7679;0
2023-03-11;15;17381;2433;12105;19736;19 736;7631;9750;4986;1745;0;0;7495;0
2023-03-11;16;17306;2423;11968;19736;19 736;7768;9538;4922;1261;0;0;7249;0
2023-03-11;17;17697;2478;11473;19763;19 763;8290;9407;5021;599;0;0;7110;0
2023-03-11;18;18602;2604;11868;21015;21 015;9148;9454;5215;63;0;0;7067;0
2023-03-11;19;19572;2740;11445;21375;21 375;9931;9641;5409;0;0;0;7262;0
2023-03-11;20;19457;2724;11543;21364;21 364;9821;9636;5463;0;0;0;7309;0
2023-03-11;21;18912;2648;11819;21146;21 146;9326;9585;5427;0;0;0;7258;0
2023-03-11;22;17927;2510;11868;20280;20 280;8412;9514;5395;0;0;0;7203;0
2023-03-11;23;16792;2351;12282;19736;19 736;7454;9339;5274;0;0;0;7053;0
2023-03-11;24;16190;2267;12726;19736;19 736;7010;9179;5116;0;0;0;6873;0
2023-03-12;01;15479;2167;11693;19736;19 736;6450;9029;4968;0;0;1593;6726;0
2023-03-12;02;15176;2125;11693;19736;19 736;6450;8727;4673;0;0;1593;6427;0
2023-03-12;03;14790;2071;11693;19736;19 736;6450;8340;4294;0;0;1593;6046;0
2023-03-12;04;14432;2020;11693;19736;19 736;6450;7982;3934;0;0;1593;5687;0
2023-03-12;05;14164;1983;11693;19736;19 736;6450;7714;3669;0;0;1593;5422;0
2023-03-12;06;13967;1955;11693;19736;19 736;6450;7517;3478;0;0;1593;5229;0
2023-03-12;07;13844;1938;11693;19736;19 736;6450;7394;3308;49;0;1593;5083;0
2023-03-12;08;14017;1962;11693;19736;19 736;6450;7567;3374;259;0;1593;5241;0
2023-03-12;09;14721;2061;11393;19802;19 802;6816;7905;3593;594;0;1593;5607;0
2023-03-12;10;15259;2136;11326;19884;19 884;6965;8294;3836;993;0;1593;6015;0
2023-03-12;11;15562;2179;11348;19736;19 736;6796;8766;4152;1368;0;1593;6494;0
2023-03-12;12;15800;2212;11517;19736;19 736;6626;9174;4492;1547;0;1593;6902;0
2023-03-12;13;15942;2232;11689;19736;19 736;6455;9487;4803;1560;0;1593;7209;0
2023-03-12;14;16220;2271;11525;19736;19 736;6618;9602;4957;1469;0;1593;7332;0
2023-03-12;15;16044;2246;11681;19736;19 736;6462;9582;5012;1262;0;1593;7292;0
2023-03-12;16;15948;2233;11693;19736;19 736;6450;9498;5041;903;0;1593;7178;0
2023-03-12;17;16060;2248;11430;19736;19 736;6714;9346;5016;395;0;1593;6970;0
2023-03-12;18;16847;2359;11495;20740;20 740;7652;9195;4967;34;0;1593;6771;0
2023-03-12;19;17952;2513;10981;21375;21 375;8801;9151;4931;0;0;1593;6751;0
2023-03-12;20;18156;2542;10887;21375;21 375;8895;9261;5050;0;0;1593;6876;0
2023-03-12;21;17813;2494;11200;21154;21 154;8361;9452;5259;0;0;1593;7069;0
2023-03-12;22;17015;2382;11346;20369;20 369;7430;9585;5486;0;0;1593;7260;0
2023-03-12;23;16264;2277;11646;19736;19 736;6498;9767;5690;0;0;1593;7445;0
2023-03-12;24;16401;2296;11693;19736;19 736;6450;9951;5873;0;0;1593;7626;0
2023-03-13;01;15941;2232;14394;20166;20 166;5772;10169;6042;0;0;0;7797;0
2023-03-13;02;15496;2169;14898;20166;20 166;5268;10228;6107;0;0;0;7833;0
2023-03-13;03;15339;2147;15049;20166;20 166;5117;10222;6102;0;0;0;7819;0
2023-03-13;04;15366;2151;15017;20166;20 166;5149;10217;6097;0;0;0;7817;0
2023-03-13;05;15787;2210;14564;20166;20 166;5602;10185;6065;0;0;0;7807;0
2023-03-13;06;16795;2351;13510;20166;20 166;6656;10139;6019;0;0;0;7815;0
2023-03-13;07;18099;2534;12269;20166;20 166;7897;10202;5975;251;0;0;7942;0
2023-03-13;08;19703;2758;11171;20166;20 166;8995;10708;5983;1146;0;0;8422;23614
2023-03-13;09;20139;2819;11222;20166;20 166;8944;11195;6030;2221;0;0;8925;23614
2023-03-13;10;19724;2761;12094;20166;20 166;8072;11652;6093;3274;0;0;9376;23614
2023-03-13;11;19141;2680;13088;20166;20 166;7078;12062;6161;4094;0;0;9750;23614
2023-03-13;12;19283;2700;13084;20166;20 166;7082;12202;6218;4386;0;0;9919;23614
2023-03-13;13;19287;2700;13084;20166;20 166;7082;12206;6250;4323;0;0;9922;23614
2023-03-13;14;19548;2737;12636;20166;20 166;7530;12018;6218;3995;0;0;9764;23614
2023-03-13;15;19533;2735;12330;20166;20 166;7836;11696;6145;3389;0;0;9443;23614
2023-03-13;16;19874;2782;11570;20166;20 166;8596;11277;6068;2455;0;0;9020;23614
2023-03-13;17;20480;2867;10182;20166;20 166;9984;10495;5789;1164;0;0;8273;23614
2023-03-13;18;21503;3010;8726;20468;20 468;11742;9761;5391;147;0;0;7528;23614
2023-03-13;19;22503;3150;8469;21649;21 649;13180;9323;4991;0;0;0;7088;23614
2023-03-13;20;22439;3141;8396;21805;21 805;13410;9029;4680;0;0;0;6789;23614
2023-03-13;21;21893;3065;8586;21805;21 805;13219;8674;4417;0;0;0;6503;23614
2023-03-13;22;20422;2859;9476;21519;21 519;12043;8379;4158;0;0;0;6180;23614
2023-03-13;23;18975;2657;9469;20361;20 361;10893;8082;3953;0;0;0;5950;0
2023-03-13;24;17773;2488;10288;20166;20 166;9878;7895;3788;0;0;0;5734;0
2023-03-14;01;17901;2506;6248;20054;20 054;13806;4095;7;0;0;0;2144;0
2023-03-14;02;17241;2414;6903;20054;20 054;13151;4090;6;0;0;0;2106;0
2023-03-14;03;17031;2384;7133;20054;20 054;12921;4110;8;0;0;0;2107;0
2023-03-14;04;17053;2387;7118;20054;20 054;12936;4117;10;0;0;0;2112;0
2023-03-14;05;17416;2438;6759;20054;20 054;13295;4121;11;0;0;0;2133;0
2023-03-14;06;17973;2516;6231;20054;20 054;13823;4150;15;63;0;0;2193;0
2023-03-14;07;18783;2630;5559;20054;20 054;14495;4288;12;466;0;0;2379;0
2023-03-14;08;20417;2858;4120;20054;20 054;15934;4483;8;959;0;0;2652;23614
2023-03-14;09;21206;2969;3534;20054;20 054;16520;4685;4;1433;0;0;2858;23614
2023-03-14;10;21290;2981;3549;20054;20 054;16505;4785;8;1756;0;0;2978;23614
2023-03-14;11;21131;2958;3698;20054;20 054;16356;4775;8;1921;0;0;3017;23614
2023-03-14;12;21303;2982;3482;20054;20 054;16572;4730;9;1962;0;0;3021;23614
2023-03-14;13;21361;2991;3362;20054;20 054;16692;4669;12;1892;0;0;2987;23614
2023-03-14;14;21647;3031;3210;20316;20 316;17107;4541;16;1629;0;0;2880;23614
2023-03-14;15;21194;2967;3228;20054;20 054;16826;4367;21;1298;0;0;2729;23614
2023-03-14;16;21156;2962;3210;20170;20 170;16961;4195;37;855;0;0;2557;23614
2023-03-14;17;21312;2984;3210;20503;20 503;17294;4018;39;386;0;0;2369;23614
2023-03-14;18;21854;3060;3210;21046;21 046;17837;4017;44;20;0;0;2261;23614
2023-03-14;19;22818;3195;3111;21693;21 693;18582;4236;42;0;0;0;2317;23614
2023-03-14;20;22834;3197;3098;21693;21 693;18595;4239;37;0;0;0;2315;23614
2023-03-14;21;22356;3130;3210;21451;21 451;18242;4114;37;0;0;0;2288;23614
2023-03-14;22;21002;2940;3210;20168;20 168;16958;4044;52;0;0;0;2294;23614
2023-03-14;23;19449;2723;4580;20054;20 054;15474;3974;62;0;0;0;2199;0
2023-03-14;24;18546;2596;5477;20054;20 054;14577;3969;60;0;0;0;2152;0
2023-03-15;01;17939;3229;6271;20054;20 054;13783;4156;53;0;0;0;2217;0
2023-03-15;02;17282;3111;6927;20054;20 054;13127;4155;55;0;0;0;2184;0
2023-03-15;03;17095;3077;7123;20054;20 054;12931;4165;53;0;0;0;2180;0
2023-03-15;04;17093;3077;7128;20054;20 054;12926;4167;54;0;0;0;2181;0
2023-03-15;05;17458;3142;6773;20054;20 054;13281;4177;62;0;0;0;2209;0
2023-03-15;06;18018;3243;6249;20054;20 054;13805;4213;66;63;0;0;2273;0
2023-03-15;07;18840;3391;5569;20054;20 054;14485;4354;63;466;0;0;2462;0
2023-03-15;08;20465;3684;4137;20054;20 054;15917;4548;58;963;0;0;2740;23614
2023-03-15;09;21248;3825;3540;20054;20 054;16514;4734;31;1447;0;0;2932;23614
2023-03-15;10;21332;3840;3572;20054;20 054;16482;4850;16;1775;0;0;3047;23614
2023-03-15;11;21176;3812;3755;20054;20 054;16299;4878;12;1942;0;0;3094;23614
2023-03-15;12;21343;3842;3560;20054;20 054;16494;4849;14;1979;0;0;3099;23614
2023-03-15;13;21393;3851;3417;20054;20 054;16637;4756;15;1915;0;0;3058;23614
2023-03-15;14;21680;3902;3275;20359;20 359;17084;4596;13;1645;0;0;2933;23614
2023-03-15;15;21228;3821;3251;20054;20 054;16803;4425;8;1310;0;0;2771;23614
2023-03-15;16;21194;3815;3101;20078;20 078;16977;4217;7;862;0;0;2583;23614
2023-03-15;17;21352;3843;3275;20569;20 569;17294;4058;11;389;0;0;2388;23614
2023-03-15;18;21896;3941;3275;21121;21 121;17846;4050;23;20;0;0;2286;23614
2023-03-15;19;22860;4115;3074;21693;21 693;18619;4240;36;0;0;0;2356;23614
2023-03-15;20;22878;4118;3095;21693;21 693;18598;4280;29;0;0;0;2361;23614
2023-03-15;21;22406;4033;3275;21479;21 479;18205;4202;30;0;0;0;2346;23614
2023-03-15;22;21050;3789;3107;20054;20 054;16947;4103;30;0;0;0;2343;23614
2023-03-15;23;19497;3509;4591;20054;20 054;15463;4034;27;0;0;0;2231;0
2023-03-15;24;18584;3345;5488;20054;20 054;14566;4018;22;0;0;0;2175;0
2023-03-16;01;17935;3228;6116;20054;20 054;13938;3998;19;0;0;0;2128;0
2023-03-16;02;17278;3110;6782;20054;20 054;13272;4005;21;0;0;0;2096;0
2023-03-16;03;17069;3072;7007;20054;20 054;13047;4022;21;0;0;0;2097;0
2023-03-16;04;17086;3076;6996;20054;20 054;13058;4029;21;0;0;0;2099;0
2023-03-16;05;17450;3141;6638;20054;20 054;13416;4034;27;0;0;0;2125;0
2023-03-16;06;18009;3242;6126;20054;20 054;13928;4080;33;64;0;0;2191;0
2023-03-16;07;18840;3391;5434;20054;20 054;14620;4220;34;474;0;0;2383;0
2023-03-16;08;20444;3680;4013;20054;20 054;16041;4403;32;979;0;0;2656;23614
2023-03-16;09;21224;3820;3394;20054;20 054;16660;4564;23;1468;0;0;2854;23614
2023-03-16;10;21318;3837;3407;20054;20 054;16647;4671;22;1780;0;0;2968;23614
2023-03-16;11;21171;3811;3553;20054;20 054;16501;4670;17;1934;0;0;3001;23614
2023-03-16;12;21343;3842;3274;20054;20 054;16780;4562;15;1965;0;0;2984;23614
2023-03-16;13;21400;3852;3140;20054;20 054;16914;4485;15;1889;0;0;2936;23614
2023-03-16;14;21686;3903;2994;20358;20 358;17364;4322;16;1620;0;0;2815;23614
2023-03-16;15;21233;3822;2983;20054;20 054;17071;4162;16;1289;0;0;2662;23614
2023-03-16;16;21197;3815;2932;20144;20 144;17212;3985;19;847;0;0;2482;23614
2023-03-16;17;21350;3843;2994;20516;20 516;17521;3829;18;381;0;0;2292;23614
2023-03-16;18;21891;3940;2994;21116;21 116;18122;3769;20;20;0;0;2179;23614
2023-03-16;19;22855;4114;2852;21693;21 693;18841;4015;24;0;0;0;2251;23614
2023-03-16;20;22874;4117;2885;21693;21 693;18809;4065;29;0;0;0;2268;23614
2023-03-16;21;22402;4032;2994;21421;21 421;18427;3975;31;0;0;0;2258;23614
2023-03-16;22;21046;3788;2921;20054;20 054;17133;3913;33;0;0;0;2260;23614
2023-03-16;23;19493;3509;4427;20054;20 054;15627;3866;47;0;0;0;2165;0
2023-03-16;24;18565;3342;5353;20054;20 054;14701;3864;64;0;0;0;2129;0
2023-03-17;01;17931;3228;5957;20054;20 054;14097;3834;60;0;0;0;2080;0
2023-03-17;02;17273;3109;6614;20054;20 054;13440;3833;58;0;0;0;2044;0
2023-03-17;03;17050;3069;6852;20054;20 054;13202;3849;59;0;0;0;2041;0
2023-03-17;04;17082;3075;6816;20054;20 054;13238;3844;53;0;0;0;2037;0
2023-03-17;05;17445;3140;6445;20054;20 054;13609;3836;46;0;0;0;2048;0
2023-03-17;06;18004;3241;5910;20054;20 054;14144;3861;44;63;0;0;2104;0
2023-03-17;07;18824;3388;5219;20054;20 054;14835;3989;38;469;0;0;2286;0
2023-03-17;08;20444;3680;3755;20054;20 054;16299;4145;25;970;0;0;2545;23614
2023-03-17;09;21239;3823;3117;20054;20 054;16937;4302;14;1430;0;0;2728;23614
2023-03-17;10;21341;3841;3118;20054;20 054;16936;4404;15;1729;0;0;2837;23614
2023-03-17;11;21189;3814;3282;20054;20 054;16772;4417;27;1891;0;0;2888;23614
2023-03-17;12;21357;3844;3051;20054;20 054;17003;4354;37;1927;0;0;2886;23614
2023-03-17;13;21408;3853;2913;20054;20 054;17141;4267;43;1863;0;0;2843;23614
2023-03-17;14;21692;3905;2783;20364;20 364;17581;4111;46;1598;0;0;2726;23614
2023-03-17;15;21237;3823;2753;20054;20 054;17301;3936;47;1271;0;0;2577;23614
2023-03-17;16;21197;3816;2643;20084;20 084;17442;3756;43;836;0;0;2396;23614
2023-03-17;17;21347;3842;2783;20552;20 552;17769;3578;26;376;0;0;2188;23614
2023-03-17;18;21885;3939;2783;21136;21 136;18353;3532;25;20;0;0;2076;23614
2023-03-17;19;22850;4113;2605;21693;21 693;19088;3762;38;0;0;0;2155;23614
2023-03-17;20;22868;4116;2656;21693;21 693;19038;3831;47;0;0;0;2179;23614
2023-03-17;21;22396;4031;2783;21437;21 437;18654;3742;60;0;0;0;2178;23614
2023-03-17;22;21041;3787;2729;20054;20 054;17325;3716;75;0;0;0;2198;23614
2023-03-17;23;19488;3508;4232;20054;20 054;15822;3666;86;0;0;0;2104;0
2023-03-17;24;18573;3343;5138;20054;20 054;14916;3657;74;0;0;0;2048;0
2023-03-18;01;16613;2990;7102;20054;20 054;12952;3662;67;0;0;0;1940;0
2023-03-18;02;16589;2986;7137;20054;20 054;12917;3672;57;0;0;0;1936;0
2023-03-18;03;16601;2988;7137;20054;20 054;12917;3684;35;0;0;0;1932;0
2023-03-18;04;16614;2990;7137;20054;20 054;12917;3696;32;0;0;0;1935;0
2023-03-18;05;16635;2994;7137;20054;20 054;12917;3718;41;0;0;0;1951;0
2023-03-18;06;16662;2999;7137;20054;20 054;12917;3745;32;63;0;0;1978;0
2023-03-18;07;16808;3025;7137;20054;20 054;12917;3891;37;465;0;0;2138;0
2023-03-18;08;16919;3045;7180;20054;20 054;12874;4045;20;960;0;0;2318;0
2023-03-18;09;17419;3135;6845;20054;20 054;13209;4210;20;1435;0;0;2507;0
2023-03-18;10;18073;3253;6334;20054;20 054;13720;4353;21;1746;0;0;2656;0
2023-03-18;11;18217;3279;6195;20054;20 054;13860;4357;22;1908;0;0;2715;0
2023-03-18;12;18322;3298;6068;20080;20 080;14012;4310;28;1939;0;0;2708;0
2023-03-18;13;18129;3263;6171;20063;20 063;13892;4237;17;1877;0;0;2648;0
2023-03-18;14;17943;3230;6202;20054;20 054;13853;4090;21;1610;0;0;2529;0
2023-03-18;15;17720;3190;6256;20054;20 054;13798;3922;24;1280;0;0;2379;0
2023-03-18;16;17621;3172;6181;20056;20 056;13876;3745;15;841;0;0;2194;0
2023-03-18;17;17898;3222;6084;20393;20 393;14309;3588;16;381;0;0;2018;0
2023-03-18;18;18346;3302;6204;20998;20 998;14794;3552;20;20;0;0;1903;0
2023-03-18;19;19467;3504;6009;21693;21 693;15684;3783;20;0;0;0;1972;0
2023-03-18;20;19557;3520;5963;21693;21 693;15730;3827;17;0;0;0;1987;0
2023-03-18;21;19009;3422;6204;21471;21 471;15267;3742;20;0;0;0;1973;0
2023-03-18;22;18043;3248;6204;20584;20 584;14380;3663;16;0;0;0;1968;0
2023-03-18;23;16885;3039;6788;20054;20 054;13266;3619;15;0;0;0;1910;0
2023-03-18;24;16537;2977;7137;20054;20 054;12917;3620;15;0;0;0;1893;0
2023-03-19;01;14782;2661;7336;20054;20 054;11125;3657;18;0;0;1593;1829;0
2023-03-19;02;14463;2603;7654;20054;20 054;10807;3656;19;0;0;1593;1809;0
2023-03-19;03;14496;2609;7654;20054;20 054;10807;3689;26;0;0;1593;1831;0
2023-03-19;04;14515;2613;7654;20054;20 054;10807;3708;28;0;0;1593;1843;0
2023-03-19;05;14526;2615;7654;20054;20 054;10807;3718;25;0;0;1593;1848;0
2023-03-19;06;14565;2622;7654;20054;20 054;10807;3758;26;63;0;1593;1885;0
2023-03-19;07;14761;2657;7654;20054;20 054;10807;3953;29;467;0;1593;2075;0
2023-03-19;08;14944;2690;7654;20054;20 054;10807;4137;19;967;0;1593;2275;0
2023-03-19;09;15124;2722;7654;20054;20 054;10807;4317;9;1437;0;1593;2460;0
2023-03-19;10;15312;2756;7654;20054;20 054;10807;4505;12;1752;0;1593;2616;0
2023-03-19;11;15372;2767;7654;20054;20 054;10807;4565;21;1916;0;1593;2674;0
2023-03-19;12;15686;2823;7328;20054;20 054;11133;4553;21;1950;0;1593;2694;0
2023-03-19;13;15827;2849;7090;20054;20 054;11371;4456;16;1884;0;1593;2649;0
2023-03-19;14;16160;2909;6599;20054;20 054;11863;4298;12;1626;0;1593;2542;0
2023-03-19;15;16129;2903;6438;20054;20 054;12023;4105;15;1295;0;1593;2401;0
2023-03-19;16;15982;2877;6420;20054;20 054;12041;3941;16;851;0;1593;2227;0
2023-03-19;17;16156;2908;6108;20054;20 054;12353;3803;9;383;0;1593;2065;0
2023-03-19;18;16731;3012;6202;20742;20 742;12947;3784;9;20;0;1593;1952;0
2023-03-19;19;18088;3256;5964;21665;21 665;14109;3980;9;0;0;1593;2018;0
2023-03-19;20;18346;3302;5753;21693;21 693;14347;3999;10;0;0;1593;2027;0
2023-03-19;21;17994;3239;5837;21510;21 510;14080;3915;12;0;0;1593;2017;0
2023-03-19;22;17176;3092;6202;21122;21 122;13327;3849;19;0;0;1593;1998;0
2023-03-19;23;16421;2956;5937;20148;20 148;12618;3803;19;0;0;1593;1986;0
2023-03-19;24;15607;2809;6642;20054;20 054;11819;3787;17;0;0;1593;1938;0
2023-03-20;01;16026;2885;8927;21214;21 214;12287;3739;15;0;0;0;1932;0
2023-03-20;02;15570;2803;9390;21214;21 214;11824;3746;19;0;0;0;1909;0
2023-03-20;03;15415;2775;9574;21214;21 214;11640;3774;18;0;0;0;1916;0
2023-03-20;04;15451;2781;9558;21214;21 214;11656;3795;14;0;0;0;1926;0
2023-03-20;05;15873;2857;9147;21214;21 214;12067;3807;15;0;0;0;1954;0
2023-03-20;06;16849;3033;8190;21214;21 214;13024;3826;10;63;0;0;2025;0
2023-03-20;07;18422;3316;6799;21214;21 214;14415;4007;10;465;0;0;2270;0
2023-03-20;08;19912;3584;5459;21214;21 214;15755;4158;6;960;0;0;2519;23614
2023-03-20;09;20690;3724;4823;21214;21 214;16391;4300;2;1442;0;0;2728;23614
2023-03-20;10;20710;3728;4923;21214;21 214;16291;4419;2;1758;0;0;2856;23614
2023-03-20;11;20366;3666;5271;21214;21 214;15943;4423;9;1912;0;0;2875;23614
2023-03-20;12;20524;3694;5112;21214;21 214;16101;4423;15;1952;0;0;2892;23614
2023-03-20;13;20622;3712;4955;21214;21 214;16259;4363;11;1887;0;0;2852;23614
2023-03-20;14;20952;3771;4453;21214;21 214;16761;4191;21;1619;0;0;2752;23614
2023-03-20;15;20850;3753;4393;21256;21 256;16863;3987;16;1286;0;0;2597;23614
2023-03-20;16;20924;3766;4444;21555;21 555;17111;3813;8;844;0;0;2409;23614
2023-03-20;17;21056;3790;4444;21816;21 816;17372;3684;6;380;0;0;2241;23614
2023-03-20;18;21321;3838;4444;22079;22 079;17635;3685;9;20;0;0;2144;23614
2023-03-20;19;22323;4018;4436;22852;22 852;18416;3907;14;0;0;0;2212;23614
2023-03-20;20;22573;4063;4263;22853;22 853;18590;3983;20;0;0;0;2232;23614
2023-03-20;21;22042;3968;4421;22628;22 628;18208;3834;26;0;0;0;2209;23614
2023-03-20;22;20581;3705;4402;21214;21 214;16812;3769;23;0;0;0;2197;23614
2023-03-20;23;19158;3448;5801;21214;21 214;15413;3745;28;0;0;0;2114;0
2023-03-20;24;18064;3252;6880;21214;21 214;14333;3731;26;0;0;0;2048;0
2023-03-21;01;18321;3298;6551;21214;21 214;14663;3658;14;0;0;0;2011;0
2023-03-21;02;17853;3214;7012;21214;21 214;14202;3651;16;0;0;0;1984;0
2023-03-21;03;17674;3181;7218;21214;21 214;13996;3678;23;0;0;0;1991;0
2023-03-21;04;17857;3214;7048;21214;21 214;14165;3692;26;0;0;0;2008;0
2023-03-21;05;18225;3281;6693;21214;21 214;14521;3705;36;0;0;0;2038;0
2023-03-21;06;18687;3364;6259;21214;21 214;14955;3732;35;70;0;0;2089;0
2023-03-21;07;19723;3550;5385;21214;21 214;15829;3894;38;511;0;0;2305;0
2023-03-21;08;21079;3794;4209;21214;21 214;17005;4074;35;1054;0;0;2575;23614
2023-03-21;09;21512;3872;3902;21214;21 214;17312;4200;19;1575;0;0;2747;23614
2023-03-21;10;21322;3838;4201;21214;21 214;17013;4309;18;1918;0;0;2852;23614
2023-03-21;11;21318;3837;4212;21214;21 214;17002;4316;22;2091;0;0;2898;23614
2023-03-21;12;21392;3851;4148;21214;21 214;17066;4326;34;2133;0;0;2923;23614
2023-03-21;13;21527;3875;3958;21214;21 214;17256;4271;38;2066;0;0;2903;23614
2023-03-21;14;21507;3871;3903;21271;21 271;17368;4139;46;1780;0;0;2787;23614
2023-03-21;15;21341;3841;3931;21328;21 328;17397;3944;49;1418;0;0;2623;23614
2023-03-21;16;21246;3824;3893;21384;21 384;17490;3755;50;931;0;0;2423;23614
2023-03-21;17;21354;3844;4016;21775;21 775;17759;3595;56;419;0;0;2224;23614
2023-03-21;18;21772;3919;4016;22252;22 252;18237;3535;55;22;0;0;2094;23614
2023-03-21;19;22811;4106;3779;22853;22 853;19074;3737;63;0;0;0;2168;23614
2023-03-21;20;23082;4155;3625;22853;22 853;19229;3854;75;0;0;0;2210;23614
2023-03-21;21;22250;4005;4016;22556;22 556;18541;3709;74;0;0;0;2171;23614
2023-03-21;22;20593;3707;4283;21214;21 214;16931;3662;78;0;0;0;2161;23614
2023-03-21;23;19436;3498;5385;21214;21 214;15829;3607;76;0;0;0;2078;0
2023-03-21;24;18658;3358;6175;21214;21 214;15039;3619;80;0;0;0;2047;0
2023-03-22;01;18636;3354;5384;20380;20 380;14996;3640;79;0;0;0;2055;0
2023-03-22;02;17950;3231;6092;20380;20 380;14288;3662;81;0;0;0;2028;0
2023-03-22;03;17863;3215;6214;20380;20 380;14166;3697;75;0;0;0;2038;0
2023-03-22;04;17870;3217;6219;20380;20 380;14161;3709;61;0;0;0;2036;0
2023-03-22;05;18232;3282;5849;20380;20 380;14531;3701;32;0;0;0;2035;0
2023-03-22;06;18696;3365;5418;20380;20 380;14962;3734;20;70;0;0;2085;0
2023-03-22;07;19638;3535;4658;20380;20 380;15722;3916;16;518;0;0;2303;0
2023-03-22;08;20995;3779;3486;20380;20 380;16894;4100;14;1063;0;0;2583;23614
2023-03-22;09;21425;3857;3247;20380;20 380;17133;4293;18;1589;0;0;2792;23614
2023-03-22;10;21238;3823;3585;20380;20 380;16795;4443;12;1932;0;0;2906;23614
2023-03-22;11;21144;3806;3704;20380;20 380;16676;4468;21;2108;0;0;2966;23614
2023-03-22;12;21304;3835;3528;20380;20 380;16852;4452;27;2145;0;0;2977;23614
2023-03-22;13;21435;3858;3331;20380;20 380;17049;4386;24;2075;0;0;2940;23614
2023-03-22;14;21597;3887;3190;20563;20 563;17373;4224;21;1785;0;0;2805;23614
2023-03-22;15;21339;3841;3071;20380;20 380;17309;4030;17;1426;0;0;2644;23614
2023-03-22;16;21248;3825;3201;20627;20 627;17426;3823;14;936;0;0;2431;23614
2023-03-22;17;21355;3844;3254;20967;20 967;17712;3642;12;422;0;0;2222;23614
2023-03-22;18;21590;3886;3254;21262;21 262;18007;3583;11;22;0;0;2091;23614
2023-03-22;19;22628;4073;3191;22019;22 019;18828;3801;17;0;0;0;2155;23614
2023-03-22;20;22993;4139;2893;22019;22 019;19126;3866;22;0;0;0;2193;23614
2023-03-22;21;22258;4006;3254;21761;21 761;18507;3751;21;0;0;0;2167;23614
2023-03-22;22;20509;3692;3583;20380;20 380;16797;3712;27;0;0;0;2158;23614
2023-03-22;23;19407;3493;4672;20380;20 380;15708;3699;34;0;0;0;2092;0
2023-03-22;24;18481;3327;5586;20380;20 380;14794;3687;34;0;0;0;2045;0
2023-03-23;01;18543;3338;5536;20380;20 380;14844;3700;38;0;0;0;2052;0
2023-03-23;02;18041;3247;6051;20380;20 380;14329;3712;34;0;0;0;2027;0
2023-03-23;03;17769;3198;6346;20380;20 380;14034;3735;28;0;0;0;2021;0
2023-03-23;04;17775;3200;6346;20380;20 380;14034;3742;20;0;0;0;2020;0
2023-03-23;05;18230;3281;5895;20380;20 380;14485;3745;15;0;0;0;2042;0
2023-03-23;06;18564;3342;5595;20380;20 380;14784;3780;13;70;0;0;2090;0
2023-03-23;07;19404;3493;4935;20380;20 380;15445;3959;14;515;0;0;2304;0
2023-03-23;08;20622;3712;3901;20380;20 380;16479;4144;7;1064;0;0;2572;23614
2023-03-23;09;21325;3839;3368;20380;20 380;17012;4313;3;1592;0;0;2782;23614
2023-03-23;10;21224;3820;3622;20380;20 380;16758;4466;3;1943;0;0;2905;23614
2023-03-23;11;21127;3803;3714;20380;20 380;16666;4461;2;2124;0;0;2952;23614
2023-03-23;12;21194;3815;3609;20380;20 380;16771;4423;3;2164;0;0;2947;23614
2023-03-23;13;21421;3856;3301;20381;20 381;17080;4342;3;2085;0;0;2908;23614
2023-03-23;14;21586;3886;3065;20469;20 469;17404;4182;4;1789;0;0;2780;23614
2023-03-23;15;21607;3889;3094;20727;20 727;17632;3975;3;1420;0;0;2606;23614
2023-03-23;16;21515;3873;3094;20833;20 833;17739;3776;3;932;0;0;2404;23614
2023-03-23;17;21344;3842;3094;20825;20 825;17731;3613;3;419;0;0;2203;23614
2023-03-23;18;21945;3950;3094;21477;21 477;18383;3562;3;22;0;0;2076;23614
2023-03-23;19;22614;4070;3094;21912;21 912;18818;3796;6;0;0;0;2139;23614
2023-03-23;20;22887;4120;3008;22019;22 019;19011;3876;5;0;0;0;2164;23614
2023-03-23;21;21970;3955;3094;21325;21 325;18231;3739;6;0;0;0;2154;23614
2023-03-23;22;20313;3656;3782;20380;20 380;16598;3715;7;0;0;0;2123;23614
2023-03-23;23;19115;3441;4935;20380;20 380;15445;3670;6;0;0;0;2043;0
2023-03-23;24;18470;3325;5580;20380;20 380;14800;3670;7;0;0;0;2012;0
2023-03-24;01;18492;3329;5543;20380;20 380;14837;3656;7;0;0;0;2008;0
2023-03-24;02;17844;3212;6203;20380;20 380;14177;3667;7;0;0;0;1977;0
2023-03-24;03;17760;3197;6315;20380;20 380;14065;3695;8;0;0;0;1988;0
2023-03-24;04;17849;3213;6242;20380;20 380;14138;3711;10;0;0;0;2000;0
2023-03-24;05;18126;3263;5974;20380;20 380;14406;3720;10;0;0;0;2018;0
2023-03-24;06;18605;3349;5531;20380;20 380;14849;3756;13;71;0;0;2079;0
2023-03-24;07;19531;3516;4765;20380;20 380;15615;3916;14;519;0;0;2296;0
2023-03-24;08;20888;3760;3604;20380;20 380;16776;4112;7;1066;0;0;2569;23614
2023-03-24;09;21405;3853;3249;20380;20 380;17131;4274;0;1599;0;0;2766;23614
2023-03-24;10;21307;3835;3481;20380;20 380;16899;4408;1;1946;0;0;2886;23614
2023-03-24;11;21301;3834;3488;20380;20 380;16892;4409;0;2132;0;0;2940;23614
2023-03-24;12;21366;3846;3400;20380;20 380;16980;4385;1;2177;0;0;2939;23614
2023-03-24;13;21496;3869;3180;20391;20 391;17211;4285;0;2108;0;0;2895;23614
2023-03-24;14;21564;3882;3261;20705;20 705;17444;4120;5;1823;0;0;2759;23614
2023-03-24;15;21497;3869;3261;20811;20 811;17550;3947;11;1450;0;0;2599;23614
2023-03-24;16;21320;3838;3261;20828;20 828;17567;3752;9;952;0;0;2391;23614
2023-03-24;17;21340;3841;3261;21014;21 014;17754;3587;14;427;0;0;2190;23614
2023-03-24;18;21486;3868;3261;21231;21 231;17970;3516;12;23;0;0;2056;23614
2023-03-24;19;22249;4005;3261;21749;21 749;18488;3760;9;0;0;0;2116;23614
2023-03-24;20;22705;4087;3149;22019;22 019;18870;3836;10;0;0;0;2145;23614
2023-03-24;21;21695;3905;3261;21220;21 220;17959;3736;15;0;0;0;2141;23614
2023-03-24;22;20223;3640;3852;20380;20 380;16528;3695;19;0;0;0;2119;23614
2023-03-24;23;19040;3427;4996;20380;20 380;15384;3656;32;0;0;0;2053;0
2023-03-24;24;18210;3278;5830;20380;20 380;14550;3660;44;0;0;0;2023;0
2023-03-25;01;16976;3056;5716;19547;19 547;13297;3679;50;0;0;533;1968;0
2023-03-25;02;16995;3059;5716;19547;19 547;13297;3697;52;0;0;533;1974;0
2023-03-25;03;17021;3064;5716;19547;19 547;13297;3724;49;0;0;533;1988;0
2023-03-25;04;17036;3066;5716;19547;19 547;13297;3739;49;0;0;533;1995;0
2023-03-25;05;17040;3067;5716;19547;19 547;13297;3743;45;0;0;533;1996;0
2023-03-25;06;17068;3072;5716;19547;19 547;13297;3771;41;70;0;533;2026;0
2023-03-25;07;17232;3102;5716;19547;19 547;13297;3935;39;518;0;533;2202;0
2023-03-25;08;17424;3136;5716;19547;19 547;13297;4127;29;1070;0;533;2415;0
2023-03-25;09;18288;3292;5003;19547;19 547;14011;4277;16;1590;0;533;2621;0
2023-03-25;10;18737;3373;4922;19772;19 772;14317;4420;18;1944;0;533;2764;0
2023-03-25;11;18830;3389;4922;19834;19 834;14379;4451;21;2116;0;533;2824;0
2023-03-25;12;18807;3385;4922;19827;19 827;14372;4435;19;2153;0;533;2818;0
2023-03-25;13;18665;3360;4922;19770;19 770;14315;4350;16;2077;0;533;2767;0
2023-03-25;14;18367;3306;4908;19638;19 638;14197;4170;18;1787;0;533;2627;0
2023-03-25;15;18017;3243;4964;19547;19 547;14049;3968;17;1424;0;533;2453;0
2023-03-25;16;17833;3210;4952;19547;19 547;14062;3771;14;937;0;533;2247;0
2023-03-25;17;17848;3213;4886;19652;19 652;14233;3614;13;423;0;533;2050;0
2023-03-25;18;18543;3338;4922;20446;20 446;14991;3552;13;22;0;533;1920;0
2023-03-25;19;19489;3508;4922;21153;21 153;15698;3791;19;0;0;533;1988;0
2023-03-25;20;19853;3574;4729;21186;21 186;15924;3929;22;0;0;533;2034;0
2023-03-25;21;19120;3442;4922;20769;20 769;15314;3806;27;0;0;533;2022;0
2023-03-25;22;17923;3226;4822;19549;19 549;14194;3728;27;0;0;533;2023;0
2023-03-25;23;16983;3057;5716;19547;19 547;13297;3686;29;0;0;533;1959;0
2023-03-25;24;16993;3059;5716;19547;19 547;13297;3695;34;0;0;533;1966;0
2023-03-26;01;15056;2710;8002;19321;19 321;11319;3737;39;0;0;0;1897;0
2023-03-26;02;14883;2679;8179;19321;19 321;11142;3741;46;0;0;0;1887;0
2023-03-26;03;14911;2684;8179;19321;19 321;11142;3769;36;0;0;0;1899;0
2023-03-26;04;14933;2688;8179;19321;19 321;11142;3791;35;0;0;0;1909;0
2023-03-26;05;14975;2695;8179;19321;19 321;11142;3833;26;69;0;0;1941;0
2023-03-26;06;15167;2730;8179;19321;19 321;11142;4025;21;512;0;0;2134;0
2023-03-26;07;15394;2771;8179;19321;19 321;11142;4252;17;1062;0;0;2368;0
2023-03-26;08;15575;2803;8179;19321;19 321;11142;4433;14;1591;0;0;2573;0
2023-03-26;09;15701;2826;8179;19321;19 321;11142;4559;5;1939;0;0;2699;0
2023-03-26;10;15758;2836;8179;19321;19 321;11142;4616;7;2117;0;0;2769;0
2023-03-26;11;15714;2828;8179;19321;19 321;11142;4571;7;2154;0;0;2753;0
2023-03-26;12;15755;2836;8089;19321;19 321;11232;4523;9;2081;0;0;2715;0
2023-03-26;13;15823;2848;7843;19321;19 321;11478;4345;16;1787;0;0;2584;0
2023-03-26;14;16033;2886;7414;19321;19 321;11907;4126;13;1419;0;0;2431;0
2023-03-26;15;15947;2870;7285;19321;19 321;12036;3911;13;930;0;0;2230;0
2023-03-26;16;15875;2857;7262;19420;19 420;12159;3716;13;418;0;0;2026;0
2023-03-26;17;16017;2883;7165;19543;19 543;12377;3639;16;22;0;0;1899;0
2023-03-26;18;17148;3087;7384;20760;20 760;13376;3772;16;0;0;0;1952;0
2023-03-26;19;17895;3221;7333;21276;21 276;13944;3952;15;0;0;0;2011;0
2023-03-26;20;18526;3335;6821;21318;21 318;14497;4029;17;0;0;0;2049;0
2023-03-26;21;17512;3152;7384;20960;20 960;13576;3936;33;0;0;0;2027;0
2023-03-26;22;16774;3019;7384;20273;20 273;12889;3885;57;0;0;0;2045;0
2023-03-26;23;15835;2850;7684;19679;19 679;11995;3840;53;0;0;0;2005;0
2023-03-27;01;16520;2974;6844;19906;19 906;12693;3827;47;0;0;369;2026;0
2023-03-27;02;16032;2886;7282;19906;19 906;12255;3778;37;0;0;369;1962;0
2023-03-27;03;15761;2837;7561;19906;19 906;11976;3785;30;0;0;369;1945;0
2023-03-27;04;15849;2853;7485;19906;19 906;12051;3798;27;0;0;369;1956;0
2023-03-27;05;16312;2936;7022;19906;19 906;12514;3798;21;0;0;369;1977;0
2023-03-27;06;17327;3119;6037;19906;19 906;13500;3827;22;70;0;369;2059;0
2023-03-27;07;18616;3351;4919;19906;19 906;14617;3999;22;514;0;369;2302;0
2023-03-27;08;20361;3665;3328;19906;19 906;16209;4152;10;1066;0;369;2576;23614
2023-03-27;09;20988;3778;2900;19906;19 906;16637;4351;6;1604;0;369;2808;23614
2023-03-27;10;20989;3778;3053;19906;19 906;16484;4506;3;1957;0;369;2950;23614
2023-03-27;11;20975;3776;3084;19906;19 906;16453;4522;3;2133;0;369;2992;23614
2023-03-27;12;21047;3788;2990;19906;19 906;16547;4500;5;2170;0;369;2998;23614
2023-03-27;13;21082;3795;2909;19906;19 906;16628;4454;9;2099;0;369;2959;23614
2023-03-27;14;21069;3792;2861;19996;19 996;16765;4304;8;1804;0;369;2829;23614
2023-03-27;15;21104;3799;2863;20198;20 198;16965;4138;10;1434;0;369;2681;23614
2023-03-27;16;21021;3784;2863;20310;20 310;17078;3943;14;939;0;369;2484;23614
2023-03-27;17;21043;3788;2863;20496;20 496;17263;3780;18;423;0;369;2293;23614
2023-03-27;18;21280;3830;2863;20804;20 804;17571;3710;23;22;0;369;2169;23614
2023-03-27;19;21577;3884;2863;20966;20 966;17733;3843;30;0;0;369;2213;23614
2023-03-27;20;22297;4014;2863;21530;21 530;18297;4000;43;0;0;369;2243;23614
2023-03-27;21;22289;4012;2863;21497;21 497;18264;4026;45;0;0;369;2249;23614
2023-03-27;22;20260;3647;3164;19906;19 906;16373;3887;50;0;0;369;2218;23614
2023-03-27;23;19048;3429;4294;19906;19 906;15243;3805;53;0;0;369;2139;0
2023-03-27;24;18141;3265;5165;19906;19 906;14371;3769;46;0;0;369;2079;0
2023-03-28;01;18044;3248;5189;19906;19 906;14348;3695;40;0;0;369;2025;0
2023-03-28;02;17665;3180;5571;19906;19 906;13966;3699;43;0;0;369;2002;0
2023-03-28;03;17399;3132;5850;19906;19 906;13687;3712;29;0;0;369;1989;0
2023-03-28;04;17487;3148;5762;19906;19 906;13774;3713;27;0;0;369;1996;0
2023-03-28;05;17765;3198;5490;19906;19 906;14047;3718;27;0;0;369;2012;0
2023-03-28;06;18410;3314;4876;19906;19 906;14661;3749;34;71;0;369;2079;0
2023-03-28;07;19311;3476;4112;19906;19 906;15425;3886;27;525;0;369;2279;0
2023-03-28;08;20596;3707;3038;19906;19 906;16499;4097;25;1084;0;369;2552;23614
2023-03-28;09;21207;3817;2601;19928;19 928;16958;4249;14;1622;0;369;2754;23614
2023-03-28;10;21102;3798;2756;19906;19 906;16781;4321;4;1967;0;369;2849;23614
2023-03-28;11;21093;3797;2814;19906;19 906;16723;4370;3;2150;0;369;2903;23614
2023-03-28;12;21261;3827;2606;19906;19 906;16931;4330;9;2180;0;369;2910;23614
2023-03-28;13;21309;3836;2601;20009;20 009;17040;4269;11;2103;0;369;2871;23614
2023-03-28;14;21295;3833;2601;20165;20 165;17196;4099;8;1808;0;369;2731;23614
2023-03-28;15;21233;3822;2601;20288;20 288;17318;3914;10;1435;0;369;2570;23614
2023-03-28;16;21236;3822;2601;20496;20 496;17526;3710;10;939;0;369;2361;23614
2023-03-28;17;21072;3793;2601;20480;20 480;17510;3562;11;421;0;369;2163;23614
2023-03-28;18;21121;3802;2601;20619;20 619;17649;3472;16;22;0;369;2031;23614
2023-03-28;19;21326;3839;2601;20681;20 681;17711;3615;13;0;0;369;2070;23614
2023-03-28;20;22241;4003;2601;21452;21 452;18483;3758;16;0;0;369;2102;23614
2023-03-28;21;22327;4019;2601;21474;21 474;18504;3823;26;0;0;369;2126;23614
2023-03-28;22;20304;3655;2939;19906;19 906;16597;3707;48;0;0;369;2121;23614
2023-03-28;23;19088;3436;4102;19906;19 906;15435;3653;65;0;0;369;2054;0
2023-03-28;24;18370;3307;4794;19906;19 906;14743;3628;60;0;0;369;2014;0
2023-03-29;01;18212;3278;5336;19906;19 906;14570;3642;79;0;0;0;2025;0
2023-03-29;02;17837;3211;5733;19906;19 906;14173;3664;88;0;0;0;2016;0
2023-03-29;03;17569;3162;6028;19906;19 906;13878;3691;74;0;0;0;2010;0
2023-03-29;04;17633;3174;5976;19906;19 906;13930;3703;66;0;0;0;2015;0
2023-03-29;05;17849;3213;5771;19906;19 906;14135;3714;63;0;0;0;2030;0
2023-03-29;06;18407;3313;5245;19906;19 906;14661;3746;57;70;0;0;2088;0
2023-03-29;07;19159;3449;4656;19906;19 906;15250;3909;60;520;0;0;2295;0
2023-03-29;08;20418;3675;3586;19906;19 906;16320;4097;48;1078;0;0;2562;23614
2023-03-29;09;21034;3786;3125;19906;19 906;16781;4253;13;1603;0;0;2742;23614
2023-03-29;10;21116;3801;3131;19906;19 906;16775;4341;2;1948;0;0;2854;23614
2023-03-29;11;21022;3784;3275;19906;19 906;16631;4391;1;2123;0;0;2905;23614
2023-03-29;12;21271;3829;3036;19921;19 921;16885;4386;3;2164;0;0;2918;23614
2023-03-29;13;21310;3836;3036;20020;20 020;16984;4325;4;2094;0;0;2876;23614
2023-03-29;14;21294;3833;3036;20170;20 170;17134;4160;5;1803;0;0;2745;23614
2023-03-29;15;21135;3804;3036;20225;20 225;17189;3946;7;1434;0;0;2578;23614
2023-03-29;16;21046;3788;3036;20330;20 330;17294;3752;7;942;0;0;2374;23614
2023-03-29;17;21157;3808;3036;20608;20 608;17572;3585;11;423;0;0;2176;23614
2023-03-29;18;21211;3818;3036;20727;20 727;17691;3520;12;22;0;0;2049;23614
2023-03-29;19;21418;3855;3036;20823;20 823;17787;3631;20;0;0;0;2092;23614
2023-03-29;20;22336;4021;3036;21502;21 502;18466;3871;33;0;0;0;2151;23614
2023-03-29;21;22062;3971;3036;21241;21 241;18205;3857;32;0;0;0;2162;23614
2023-03-29;22;20591;3706;3060;19906;19 906;16846;3745;32;0;0;0;2152;23614
2023-03-29;23;19468;3504;4100;19906;19 906;15806;3663;23;0;0;0;2066;0
2023-03-29;24;18905;3403;4656;19906;19 906;15250;3654;22;0;0;0;2038;0
2023-03-30;01;18255;3286;5292;19906;19 906;14614;3641;20;0;0;0;1995;0
2023-03-30;02;17750;3195;5802;19906;19 906;14104;3646;22;0;0;0;1970;0
2023-03-30;03;17575;3163;6006;19906;19 906;13900;3674;20;0;0;0;1977;0
2023-03-30;04;17666;3180;5927;19906;19 906;13979;3687;16;0;0;0;1985;0
2023-03-30;05;17853;3213;5747;19906;19 906;14159;3693;12;0;0;0;1996;0
2023-03-30;06;18372;3307;5254;19906;19 906;14652;3719;11;70;0;0;2052;0
2023-03-30;07;18950;3411;4810;19906;19 906;15096;3854;6;517;0;0;2237;0
2023-03-30;08;20425;3676;3525;19906;19 906;16381;4044;4;1068;0;0;2516;23614
2023-03-30;09;20944;3770;3201;19906;19 906;16705;4239;3;1602;0;0;2725;23614
2023-03-30;10;21206;3817;3030;19906;19 906;16876;4330;2;1955;0;0;2858;23614
2023-03-30;11;21201;3816;3070;19906;19 906;16836;4365;2;2136;0;0;2915;23614
2023-03-30;12;21360;3845;2956;19941;19 941;16986;4374;3;2174;0;0;2919;23614
2023-03-30;13;21309;3836;2956;20035;20 035;17079;4230;4;2099;0;0;2855;23614
2023-03-30;14;21205;3817;2956;20075;20 075;17119;4086;4;1802;0;0;2723;23614
2023-03-30;15;21324;3838;2956;20380;20 380;17425;3899;5;1429;0;0;2557;23614
2023-03-30;16;21235;3822;2956;20503;20 503;17547;3688;5;935;0;0;2349;23614
2023-03-30;17;21253;3826;2956;20681;20 681;17725;3528;4;419;0;0;2151;23614
2023-03-30;18;21212;3818;2956;20662;20 662;17706;3506;4;22;0;0;2035;23614
2023-03-30;19;21235;3822;2956;20589;20 589;17633;3602;4;0;0;0;2074;23614
2023-03-30;20;22245;4004;2956;21373;21 373;18417;3828;6;0;0;0;2125;23614
2023-03-30;21;22063;3971;2956;21173;21 173;18217;3846;5;0;0;0;2144;23614
2023-03-30;22;20868;3756;2956;20089;20 089;17133;3735;9;0;0;0;2140;23614
2023-03-30;23;19193;3455;4347;19906;19 906;15559;3635;9;0;0;0;2042;0
2023-03-30;24;18475;3326;5080;19906;19 906;14826;3649;10;0;0;0;2010;0
2023-03-31;01;18232;3282;5288;19906;19 906;14618;3613;2;0;0;0;1978;0
2023-03-31;02;17933;3228;5588;19906;19 906;14318;3615;4;0;0;0;1961;0
2023-03-31;03;17768;3198;5787;19906;19 906;14119;3649;11;0;0;0;1974;0
2023-03-31;04;17849;3213;5719;19906;19 906;14187;3662;15;0;0;0;1986;0
2023-03-31;05;18293;3293;5288;19906;19 906;14618;3675;23;0;0;0;2019;0
2023-03-31;06;18063;3251;5545;19906;19 906;14362;3701;18;70;0;0;2035;0
2023-03-31;07;19621;3532;4140;19906;19 906;15766;3855;16;518;0;0;2274;0
2023-03-31;08;20971;3775;2986;19906;19 906;16920;4051;18;1072;0;0;2555;23614
2023-03-31;09;21483;3867;2923;20150;20 150;17227;4256;19;1612;0;0;2759;23614
2023-03-31;10;21287;3832;3005;19906;19 906;16901;4385;5;1957;0;0;2872;23614
2023-03-31;11;21287;3832;3035;19906;19 906;16871;4417;6;2124;0;0;2926;23614
2023-03-31;12;21448;3861;2875;19906;19 906;17031;4417;11;2159;0;0;2935;23614
2023-03-31;13;21486;3867;2863;20033;20 033;17170;4316;23;2089;0;0;2898;23614
2023-03-31;14;21290;3832;2843;19953;19 953;17110;4180;42;1791;0;0;2787;23614
2023-03-31;15;21222;3820;2923;20152;20 152;17229;3993;47;1423;0;0;2621;23614
2023-03-31;16;21132;3804;2923;20261;20 261;17338;3794;45;931;0;0;2413;23614
2023-03-31;17;21241;3823;2923;20552;20 552;17630;3612;34;417;0;0;2201;23614
2023-03-31;18;21753;3915;2923;21117;21 117;18194;3559;24;22;0;0;2066;23614
2023-03-31;19;22512;4052;2712;21545;21 545;18833;3679;19;0;0;0;2108;23614
2023-03-31;20;22328;4019;2923;21399;21 399;18476;3851;19;0;0;0;2133;23614
2023-03-31;21;21319;3837;2923;20436;20 436;17513;3806;17;0;0;0;2136;23614
2023-03-31;22;19849;3573;3742;19906;19 906;16164;3685;17;0;0;0;2083;23614
2023-03-31;23;18738;3373;4775;19906;19 906;15131;3608;17;0;0;0;2004;0
2023-03-31;24;18133;3264;5369;19906;19 906;14537;3596;18;0;0;0;1975;0
